size,ptmalloc,
64,0x602010,0x602060
1024,0x6020b0,0x6024c0
3001,0x6028d0,0x6034a0
4096,0x604070,0x605080
5111,0x606090,0x607490
8192,0x608890,0x60a8a0
20000,0x60c8b0,0x6116e0
100000,0x616510,0x62ebc0
1048576,0x2aaaaaaf3010,0x2aaaab098010
4194304,0x2aaaab199010,0x2aaaab59a010
16777216,0x2aaaab99b010,0x2aaaac99c010
268435456,0x2aaaad99d010,0x2aaabd99e010
1073741824,0x2aaacd99f010,0x2aab0d9a0010
