size,tcmalloc,
64,0xe0e000,0xe0e080
1024,0xe12000,0xe12800
3001,0xe16000,0xe17800
4096,0xe1a000,0xe1c000
5111,0xe1e000,0xe20800
8192,0xe22000,0xe24000
20000,0xe26000,0xe2b000
100000,0xe30000,0xe4a000
1048576,0xe64000,0xf64000
4194304,0x1064000,0x1464000
16777216,0x1864000,0x2864000
268435456,0x3864000,0x13864000
1073741824,0x23864000,0x63864000
